{
  "trial_idx": 2,
  "config": {
    "he_hidden_widths": [
      128,
      64,
      32
    ],
    "moisture_hidden_widths": [
      32,
      16
    ],
    "reaction_hidden_widths": [
      64,
      32
    ],
    "lr": 0.0015566769129711732,
    "weight_decay": 1e-06,
    "batch_size": 16,
    "epochs": 100,
    "patience": 15,
    "tgo_weight": 0.0,
    "detach_state_steps": false,
    "warmup_steps": 0,
    "fixed_initial_bean_temp_c": null,
    "fixed_initial_moisture_ratio": null,
    "freeze_init_net": false
  },
  "per_seed_val_rollout_r2": {
    "11": 0.9143595317756036
  },
  "mean_val_rollout_r2": 0.9143595317756036,
  "per_seed_val_rollout_rmse": {
    "11": 10.413030442931664
  },
  "mean_val_rollout_rmse": 10.413030442931664,
  "per_seed_per_roast_val_r2": {
    "11": {
      "ROAST_01_02_2021_10_32_03_P10": 0.9902065620571368,
      "ROAST_01_02_2021_10_55_00_P10": 0.9866470400388163,
      "ROAST_01_12_2020_12_08_17_P10": 0.9907357885373222,
      "ROAST_02_02_2021_09_30_53_P10": 0.9865187754829382,
      "ROAST_03_02_2021_00_40_46_P16": 0.9531586829464148,
      "ROAST_03_02_2021_01_02_17_P16": 0.9366949880015033,
      "ROAST_03_02_2021_01_53_50_P16": 0.9586361129084328,
      "ROAST_03_02_2021_02_37_41_P16": 0.9366085804422924,
      "ROAST_03_02_2021_13_04_31_P13": 0.7826604795016305,
      "ROAST_03_02_2021_13_14_56_P13": 0.8150002428053126,
      "ROAST_03_02_2021_14_23_03_P16": 0.9295659378619439,
      "ROAST_03_02_2021_14_31_11_P16": 0.9459456805813073,
      "ROAST_03_02_2021_15_37_32_P16": 0.9551720532458281,
      "ROAST_03_02_2021_15_59_55_P16": 0.9223121404282051,
      "ROAST_03_02_2021_17_06_59_P16": 0.9392818950144016,
      "ROAST_03_02_2021_17_36_10_P16": 0.9434212696118557,
      "ROAST_03_02_2021_18_48_30_P10": 0.9784578766095825,
      "ROAST_03_02_2021_18_56_19_P10": 0.98370223061715,
      "ROAST_04_02_2021_07_24_18_P13": 0.8310976998477214,
      "ROAST_04_02_2021_07_34_24_P13": 0.8128748438393468,
      "ROAST_06_01_2021_00_44_22_P10": 0.9751610674813163,
      "ROAST_07_01_2021_13_41_48_P13": 0.8257430995272291,
      "ROAST_10_12_2020_07_06_47_P13": 0.8273618520727881,
      "ROAST_11_11_2020_15_53_33_P16": 0.9582618952581643,
      "ROAST_11_11_2020_16_54_52_P10": 0.9844981048956257,
      "ROAST_11_12_2020_13_06_43_P10": 0.9813469389493246,
      "ROAST_11_12_2020_13_30_46_P10": 0.987667552723323,
      "ROAST_14_12_2020_20_23_52_P10": 0.989602906151116,
      "ROAST_14_12_2020_20_33_54_P10": 0.9917576682290734,
      "ROAST_14_12_2020_22_26_18_P13": 0.837833701870346,
      "ROAST_14_12_2020_22_38_34_P13": 0.8267778319072299,
      "ROAST_15_12_2020_20_18_47_P10": 0.9796164943164253,
      "ROAST_18_11_2020_14_51_36_P10": 0.9784866436059846,
      "ROAST_20_11_2020_10_06_57_P10": 0.9680888079749724,
      "ROAST_20_11_2020_10_31_24_P10": 0.9827323286047707
    }
  },
  "per_seed_history": {
    "11": [
      {
        "epoch": 1.0,
        "train_loss": 26388.219140625,
        "val_loss": 22231.036458333332,
        "epoch_time_sec": 6.005794999999125
      },
      {
        "epoch": 2.0,
        "train_loss": 18541.34140625,
        "val_loss": 11150.282552083334,
        "epoch_time_sec": 6.125812600001154
      },
      {
        "epoch": 3.0,
        "train_loss": 9972.565380859374,
        "val_loss": 7924.599283854167,
        "epoch_time_sec": 6.036534800001391
      },
      {
        "epoch": 4.0,
        "train_loss": 8102.524072265625,
        "val_loss": 7092.931477864583,
        "epoch_time_sec": 6.008649800000057
      },
      {
        "epoch": 5.0,
        "train_loss": 7350.249609375,
        "val_loss": 6411.500162760417,
        "epoch_time_sec": 6.253340900000694
      },
      {
        "epoch": 6.0,
        "train_loss": 6631.980908203125,
        "val_loss": 5820.618326822917,
        "epoch_time_sec": 5.953218799999377
      },
      {
        "epoch": 7.0,
        "train_loss": 5941.018505859375,
        "val_loss": 5278.198893229167,
        "epoch_time_sec": 6.2265679000011005
      },
      {
        "epoch": 8.0,
        "train_loss": 5385.387133789062,
        "val_loss": 4729.512532552083,
        "epoch_time_sec": 6.187009100000068
      },
      {
        "epoch": 9.0,
        "train_loss": 4781.081323242188,
        "val_loss": 4168.830159505208,
        "epoch_time_sec": 6.2066092999994
      },
      {
        "epoch": 10.0,
        "train_loss": 4114.685278320312,
        "val_loss": 3638.8798014322915,
        "epoch_time_sec": 6.382398700001431
      },
      {
        "epoch": 11.0,
        "train_loss": 3617.0931884765623,
        "val_loss": 3191.8555501302085,
        "epoch_time_sec": 6.114862200000061
      },
      {
        "epoch": 12.0,
        "train_loss": 3139.9110595703123,
        "val_loss": 2874.8828125,
        "epoch_time_sec": 6.336991199999829
      },
      {
        "epoch": 13.0,
        "train_loss": 2874.15029296875,
        "val_loss": 2712.8024088541665,
        "epoch_time_sec": 6.241820499999449
      },
      {
        "epoch": 14.0,
        "train_loss": 2750.4799560546876,
        "val_loss": 2660.6019694010415,
        "epoch_time_sec": 6.202097699999285
      },
      {
        "epoch": 15.0,
        "train_loss": 2703.8849365234373,
        "val_loss": 2614.3472493489585,
        "epoch_time_sec": 6.34501100000125
      },
      {
        "epoch": 16.0,
        "train_loss": 2642.7072509765626,
        "val_loss": 2547.484619140625,
        "epoch_time_sec": 6.352827799999432
      },
      {
        "epoch": 17.0,
        "train_loss": 2572.9902099609376,
        "val_loss": 2479.2396647135415,
        "epoch_time_sec": 6.080644699999539
      },
      {
        "epoch": 18.0,
        "train_loss": 2497.155322265625,
        "val_loss": 2409.400146484375,
        "epoch_time_sec": 6.445849399999133
      },
      {
        "epoch": 19.0,
        "train_loss": 2429.06328125,
        "val_loss": 2335.9163411458335,
        "epoch_time_sec": 6.288814999999886
      },
      {
        "epoch": 20.0,
        "train_loss": 2348.0190673828124,
        "val_loss": 2258.3819173177085,
        "epoch_time_sec": 6.166142899999613
      },
      {
        "epoch": 21.0,
        "train_loss": 2263.803918457031,
        "val_loss": 2175.12548828125,
        "epoch_time_sec": 5.859741500000382
      },
      {
        "epoch": 22.0,
        "train_loss": 2174.553747558594,
        "val_loss": 2086.137736002604,
        "epoch_time_sec": 6.162760799999887
      },
      {
        "epoch": 23.0,
        "train_loss": 2086.3291259765624,
        "val_loss": 1994.2422688802083,
        "epoch_time_sec": 6.095830500000375
      },
      {
        "epoch": 24.0,
        "train_loss": 1990.060693359375,
        "val_loss": 1905.30419921875,
        "epoch_time_sec": 6.1265186999989965
      },
      {
        "epoch": 25.0,
        "train_loss": 1897.2120483398437,
        "val_loss": 1813.900146484375,
        "epoch_time_sec": 6.6791379999995115
      },
      {
        "epoch": 26.0,
        "train_loss": 1806.5364379882812,
        "val_loss": 1724.0487467447917,
        "epoch_time_sec": 6.252600899999379
      },
      {
        "epoch": 27.0,
        "train_loss": 1715.63701171875,
        "val_loss": 1637.90625,
        "epoch_time_sec": 6.2624655999989045
      },
      {
        "epoch": 28.0,
        "train_loss": 1630.8403930664062,
        "val_loss": 1551.3257649739583,
        "epoch_time_sec": 6.345289999999295
      },
      {
        "epoch": 29.0,
        "train_loss": 1543.3218017578124,
        "val_loss": 1467.9801839192708,
        "epoch_time_sec": 6.982397999998284
      },
      {
        "epoch": 30.0,
        "train_loss": 1463.6900756835937,
        "val_loss": 1391.6669514973958,
        "epoch_time_sec": 6.986547200000132
      },
      {
        "epoch": 31.0,
        "train_loss": 1379.532177734375,
        "val_loss": 1309.5074869791667,