{
  "trial_idx": 35,
  "config": {
    "hidden_widths": [
      128,
      64
    ],
    "residual_weight": 0.0003110038877774296,
    "max_delta": 24.0,
    "lr": 0.0008301566079008494,
    "weight_decay": 1e-05,
    "batch_size": 32,
    "epochs": 100,
    "patience": 15,
    "warmup_steps": 0
  },
  "per_seed_val_rollout_r2": {
    "11": 0.8419967322840155
  },
  "mean_val_rollout_r2": 0.8419967322840155,
  "per_seed_val_rollout_rmse": {
    "11": 14.14394816158837
  },
  "mean_val_rollout_rmse": 14.14394816158837,
  "per_seed_per_roast_val_r2": {
    "11": {
      "ROAST_01_02_2021_10_32_03_P10": 0.9864019057104128,
      "ROAST_01_02_2021_10_55_00_P10": 0.947078382277232,
      "ROAST_01_12_2020_12_08_17_P10": 0.9622705299681803,
      "ROAST_02_02_2021_09_30_53_P10": 0.975604179480693,
      "ROAST_03_02_2021_00_40_46_P16": 0.9846067955061374,
      "ROAST_03_02_2021_01_02_17_P16": 0.9883437995341476,
      "ROAST_03_02_2021_01_53_50_P16": 0.5293171053255347,
      "ROAST_03_02_2021_02_37_41_P16": 0.984086863713149,
      "ROAST_03_02_2021_13_04_31_P13": 0.6840239788342077,
      "ROAST_03_02_2021_13_14_56_P13": 0.7251453906115186,
      "ROAST_03_02_2021_14_23_03_P16": 0.9615354624402027,
      "ROAST_03_02_2021_14_31_11_P16": 0.9785644234028742,
      "ROAST_03_02_2021_15_37_32_P16": 0.9167131180578767,
      "ROAST_03_02_2021_15_59_55_P16": 0.9445753375789986,
      "ROAST_03_02_2021_17_06_59_P16": 0.9867624090699078,
      "ROAST_03_02_2021_17_36_10_P16": 0.9752555773066084,
      "ROAST_03_02_2021_18_48_30_P10": 0.9415701926534037,
      "ROAST_03_02_2021_18_56_19_P10": 0.982056186711923,
      "ROAST_04_02_2021_07_24_18_P13": 0.727807902891946,
      "ROAST_04_02_2021_07_34_24_P13": 0.6910629728986657,
      "ROAST_06_01_2021_00_44_22_P10": 0.2171441782398258,
      "ROAST_07_01_2021_13_41_48_P13": 0.7463742761905858,
      "ROAST_10_12_2020_07_06_47_P13": 0.7345847923933602,
      "ROAST_11_11_2020_15_53_33_P16": 0.9432765014985751,
      "ROAST_11_11_2020_16_54_52_P10": 0.9826587495049114,
      "ROAST_11_12_2020_13_06_43_P10": 0.7882279295941161,
      "ROAST_11_12_2020_13_30_46_P10": 0.9561822148765952,
      "ROAST_14_12_2020_20_23_52_P10": 0.9635095894185961,
      "ROAST_14_12_2020_20_33_54_P10": 0.9752577716592307,
      "ROAST_14_12_2020_22_26_18_P13": 0.7462066801872631,
      "ROAST_14_12_2020_22_38_34_P13": 0.6718092373976536,
      "ROAST_15_12_2020_20_18_47_P10": 0.8934750432879994,
      "ROAST_18_11_2020_14_51_36_P10": 0.977412779878633,
      "ROAST_20_11_2020_10_06_57_P10": 0.9254590439207315,
      "ROAST_20_11_2020_10_31_24_P10": 0.9440210062712049
    }
  },
  "per_seed_history": {
    "11": [
      {
        "epoch": 1.0,
        "train_loss": 459.0660034179688,
        "val_loss": 360.5167541503906,
        "epoch_time_sec": 1.7258105000000796
      },
      {
        "epoch": 2.0,
        "train_loss": 444.09584655761716,
        "val_loss": 346.30033111572266,
        "epoch_time_sec": 1.7269304000001284
      },
      {
        "epoch": 3.0,
        "train_loss": 435.5212371826172,
        "val_loss": 339.7968215942383,
        "epoch_time_sec": 1.746097399998689
      },
      {
        "epoch": 4.0,
        "train_loss": 428.80738830566406,
        "val_loss": 332.80904388427734,
        "epoch_time_sec": 1.7488261999969836
      },
      {
        "epoch": 5.0,
        "train_loss": 421.06894836425784,
        "val_loss": 325.5960159301758,
        "epoch_time_sec": 1.7417887999981758
      },
      {
        "epoch": 6.0,
        "train_loss": 409.3563507080078,
        "val_loss": 316.58975982666016,
        "epoch_time_sec": 1.7162119999993593
      },
      {
        "epoch": 7.0,
        "train_loss": 399.5224151611328,
        "val_loss": 306.53460693359375,
        "epoch_time_sec": 1.7501816999938455
      },
      {
        "epoch": 8.0,
        "train_loss": 387.6967254638672,
        "val_loss": 294.9116516113281,
        "epoch_time_sec": 1.7217935000007856
      },
      {
        "epoch": 9.0,
        "train_loss": 374.4761047363281,
        "val_loss": 282.30882263183594,
        "epoch_time_sec": 1.7150973999960115
      },
      {
        "epoch": 10.0,
        "train_loss": 360.57513427734375,
        "val_loss": 272.02547454833984,
        "epoch_time_sec": 1.8050275999994483
      },
      {
        "epoch": 11.0,
        "train_loss": 350.8509796142578,
        "val_loss": 260.4020462036133,
        "epoch_time_sec": 1.783671500001219
      },
      {
        "epoch": 12.0,
        "train_loss": 341.801513671875,
        "val_loss": 251.4017333984375,
        "epoch_time_sec": 1.8155435000007856
      },
      {
        "epoch": 13.0,
        "train_loss": 333.05817260742185,
        "val_loss": 242.74740600585938,
        "epoch_time_sec": 1.8017306999972789
      },
      {
        "epoch": 14.0,
        "train_loss": 327.34922180175784,
        "val_loss": 236.04239654541016,
        "epoch_time_sec": 1.8082725999993272
      },
      {
        "epoch": 15.0,
        "train_loss": 321.8919677734375,
        "val_loss": 229.90996551513672,
        "epoch_time_sec": 1.79547669999738
      },
      {
        "epoch": 16.0,
        "train_loss": 318.77288513183595,
        "val_loss": 227.39225006103516,
        "epoch_time_sec": 1.8035706000009668
      },
      {
        "epoch": 17.0,
        "train_loss": 316.32713317871094,
        "val_loss": 222.25399780273438,
        "epoch_time_sec": 1.8693208000040613
      },
      {
        "epoch": 18.0,
        "train_loss": 311.4536590576172,
        "val_loss": 219.39778900146484,
        "epoch_time_sec": 1.9116053000034299
      },
      {
        "epoch": 19.0,
        "train_loss": 312.44331817626954,
        "val_loss": 220.49522399902344,
        "epoch_time_sec": 1.8887973000018974
      },
      {
        "epoch": 20.0,
        "train_loss": 312.42451934814454,
        "val_loss": 215.5286407470703,
        "epoch_time_sec": 1.7828034999984084
      },
      {
        "epoch": 21.0,
        "train_loss": 312.177912902832,
        "val_loss": 215.15032958984375,
        "epoch_time_sec": 1.8161746999976458
      },
      {
        "epoch": 22.0,
        "train_loss": 306.37943267822266,
        "val_loss": 220.27857208251953,
        "epoch_time_sec": 1.814816600002814
      },
      {
        "epoch": 23.0,
        "train_loss": 296.73273010253905,
        "val_loss": 209.92845916748047,
        "epoch_time_sec": 1.8427743000065675
      },
      {
        "epoch": 24.0,
        "train_loss": 296.8639831542969,
        "val_loss": 208.14771270751953,
        "epoch_time_sec": 1.8306173000019044
      },
      {
        "epoch": 25.0,
        "train_loss": 294.7902496337891,
        "val_loss": 209.68394470214844,
        "epoch_time_sec": 1.8357094999955734
      },
      {
        "epoch": 26.0,
        "train_loss": 293.09925231933596,
        "val_loss": 203.68827056884766,
        "epoch_time_sec": 1.8365383999989717
      },
      {
        "epoch": 27.0,
        "train_loss": 294.1528060913086,
        "val_loss": 202.511962890625,
        "epoch_time_sec": 1.8405469999997877
      },
      {
        "epoch": 28.0,
        "train_loss": 298.80812377929686,
        "val_loss": 204.9324722290039,
        "epoch_time_sec": 1.8314969999992172
      },
      {
        "epoch": 29.0,
        "train_loss": 295.4226364135742,
        "val_loss": 203.35366439819336,
        "epoch_time_sec": 1.8292188000050373
      },
      {
        "epoch": 30.0,
        "train_loss": 291.3143310546875,
        "val_loss": 199.62865829467773,
        "epoch_time_sec": 1.8117182999994839
      },
      {
        "epoch": 31.0,
        "train_loss": 296.99659118652346,
        "val_loss": 200.00948333740234,
        "epoch_time_sec": 1.8292828000048758
      },
      {
        "epoch": 32.0,
        "train_loss": 292.0250946044922,
        "val_loss": 202.29077529907227,