{
  "trial_idx": 28,
  "config": {
    "lr": 0.0005381846365972362,
    "weight_decay": 1e-05,
    "batch_size": 16,
    "epochs": 100,
    "patience": 15,
    "tgo_weight": 0.0,
    "detach_state_steps": false,
    "warmup_steps": 0
  },
  "per_seed_val_rollout_r2": {
    "11": -0.5972811113978993
  },
  "mean_val_rollout_r2": -0.5972811113978993,
  "per_seed_val_rollout_rmse": {
    "11": 44.97056039612045
  },
  "mean_val_rollout_rmse": 44.97056039612045,
  "per_seed_per_roast_val_r2": {
    "11": {
      "ROAST_01_02_2021_10_32_03_P10": 0.04676747451978436,
      "ROAST_01_02_2021_10_55_00_P10": -0.4481549218731522,
      "ROAST_01_12_2020_12_08_17_P10": -0.18191743350522938,
      "ROAST_02_02_2021_09_30_53_P10": -0.4342334187252368,
      "ROAST_03_02_2021_00_40_46_P16": -0.3454000903339829,
      "ROAST_03_02_2021_01_02_17_P16": -0.3782785670796349,
      "ROAST_03_02_2021_01_53_50_P16": 0.7068986999455251,
      "ROAST_03_02_2021_02_37_41_P16": -0.2870477216597034,
      "ROAST_03_02_2021_13_04_31_P13": -1.364223339502618,
      "ROAST_03_02_2021_13_14_56_P13": -1.3781140521990998,
      "ROAST_03_02_2021_14_23_03_P16": -0.16014757452931527,
      "ROAST_03_02_2021_14_31_11_P16": -0.3128177557439116,
      "ROAST_03_02_2021_15_37_32_P16": -0.07235510421443836,
      "ROAST_03_02_2021_15_59_55_P16": -0.02235891660139222,
      "ROAST_03_02_2021_17_06_59_P16": -0.2210516958268629,
      "ROAST_03_02_2021_17_36_10_P16": -0.16110565291369117,
      "ROAST_03_02_2021_18_48_30_P10": -0.14597611732320992,
      "ROAST_03_02_2021_18_56_19_P10": -0.40382068453881437,
      "ROAST_04_02_2021_07_24_18_P13": -1.2043407773643047,
      "ROAST_04_02_2021_07_34_24_P13": -0.9861916025637927,
      "ROAST_06_01_2021_00_44_22_P10": 0.7369480924600823,
      "ROAST_07_01_2021_13_41_48_P13": -0.9664407461167759,
      "ROAST_10_12_2020_07_06_47_P13": -1.7768316388359087,
      "ROAST_11_11_2020_15_53_33_P16": -0.30933658259265684,
      "ROAST_11_11_2020_16_54_52_P10": -0.24402817496402296,
      "ROAST_11_12_2020_13_06_43_P10": -0.8583073488851738,
      "ROAST_11_12_2020_13_30_46_P10": -0.30834945465399,
      "ROAST_14_12_2020_20_23_52_P10": -0.5475425795432407,
      "ROAST_14_12_2020_20_33_54_P10": -0.21583142678521283,
      "ROAST_14_12_2020_22_26_18_P13": -1.608106960248063,
      "ROAST_14_12_2020_22_38_34_P13": -0.9670310641084383,
      "ROAST_15_12_2020_20_18_47_P10": -0.6276348214298446,
      "ROAST_18_11_2020_14_51_36_P10": -0.3009633951807713,
      "ROAST_20_11_2020_10_06_57_P10": -0.3076509081671104,
      "ROAST_20_11_2020_10_31_24_P10": -0.1364414606276576
    }
  },
  "per_seed_history": {
    "11": [
      {
        "epoch": 1.0,
        "train_loss": 30843.96328125,
        "val_loss": 29146.774739583332,
        "epoch_time_sec": 4.28999429999385
      },
      {
        "epoch": 2.0,
        "train_loss": 30230.557421875,
        "val_loss": 28527.000651041668,
        "epoch_time_sec": 4.350000099977478
      },
      {
        "epoch": 3.0,
        "train_loss": 29577.0677734375,
        "val_loss": 27873.317708333332,
        "epoch_time_sec": 4.384775999991689
      },
      {
        "epoch": 4.0,
        "train_loss": 28886.3107421875,
        "val_loss": 27174.109375,
        "epoch_time_sec": 4.270492600044236
      },
      {
        "epoch": 5.0,
        "train_loss": 28155.71171875,
        "val_loss": 26436.104166666668,
        "epoch_time_sec": 4.373118499992415
      },
      {
        "epoch": 6.0,
        "train_loss": 27371.7380859375,
        "val_loss": 25648.106770833332,
        "epoch_time_sec": 4.277277200017124
      },
      {
        "epoch": 7.0,
        "train_loss": 26530.8451171875,
        "val_loss": 24800.498046875,
        "epoch_time_sec": 4.1644236000138335
      },
      {
        "epoch": 8.0,
        "train_loss": 25631.9865234375,
        "val_loss": 23898.391276041668,
        "epoch_time_sec": 4.190636800020002
      },
      {
        "epoch": 9.0,
        "train_loss": 24670.265625,
        "val_loss": 22932.911458333332,
        "epoch_time_sec": 4.2940672999829985
      },
      {
        "epoch": 10.0,
        "train_loss": 23635.3294921875,
        "val_loss": 21892.088541666668,
        "epoch_time_sec": 4.112389600020833
      },
      {
        "epoch": 11.0,
        "train_loss": 22549.328515625,
        "val_loss": 20813.158203125,
        "epoch_time_sec": 4.236266499967314
      },
      {
        "epoch": 12.0,
        "train_loss": 21403.5009765625,
        "val_loss": 19700.59765625,
        "epoch_time_sec": 4.201632600044832
      },
      {
        "epoch": 13.0,
        "train_loss": 20266.14375,
        "val_loss": 18597.399088541668,
        "epoch_time_sec": 4.025096299999859
      },
      {
        "epoch": 14.0,
        "train_loss": 19172.09921875,
        "val_loss": 17550.408528645832,
        "epoch_time_sec": 4.332969299983233
      },
      {
        "epoch": 15.0,
        "train_loss": 18122.85244140625,
        "val_loss": 16553.7685546875,
        "epoch_time_sec": 4.249932200007606
      },
      {
        "epoch": 16.0,
        "train_loss": 17160.26337890625,
        "val_loss": 15646.04296875,
        "epoch_time_sec": 4.242184999980964
      },
      {
        "epoch": 17.0,
        "train_loss": 16283.03408203125,
        "val_loss": 14816.372395833334,
        "epoch_time_sec": 4.190060799999628
      },
      {
        "epoch": 18.0,
        "train_loss": 15473.5884765625,
        "val_loss": 14056.457682291666,
        "epoch_time_sec": 4.186844700016081
      },
      {
        "epoch": 19.0,
        "train_loss": 14753.9642578125,
        "val_loss": 13374.412434895834,
        "epoch_time_sec": 4.23569459997816
      },
      {
        "epoch": 20.0,
        "train_loss": 14091.0734375,
        "val_loss": 12744.435872395834,
        "epoch_time_sec": 4.334656100021675
      },
      {
        "epoch": 21.0,
        "train_loss": 13480.12548828125,
        "val_loss": 12162.651041666666,
        "epoch_time_sec": 4.184892299992498
      },
      {
        "epoch": 22.0,
        "train_loss": 12919.01533203125,
        "val_loss": 11624.3544921875,
        "epoch_time_sec": 4.2767927999957465
      },
      {
        "epoch": 23.0,
        "train_loss": 12392.6673828125,
        "val_loss": 11123.772135416666,
        "epoch_time_sec": 4.257305300037842
      },
      {
        "epoch": 24.0,
        "train_loss": 11894.9255859375,
        "val_loss": 10653.601236979166,
        "epoch_time_sec": 4.320299600018188
      },
      {
        "epoch": 25.0,
        "train_loss": 11426.58671875,
        "val_loss": 10207.80859375,
        "epoch_time_sec": 4.288363499974366
      },
      {
        "epoch": 26.0,
        "train_loss": 10984.175,
        "val_loss": 9784.958333333334,
        "epoch_time_sec": 4.356605499982834
      },
      {
        "epoch": 27.0,
        "train_loss": 10552.033642578124,
        "val_loss": 9376.533040364584,
        "epoch_time_sec": 4.3282558000064455
      },
      {
        "epoch": 28.0,
        "train_loss": 10129.301025390625,
        "val_loss": 8982.402994791666,
        "epoch_time_sec": 4.411571399949025
      },
      {
        "epoch": 29.0,
        "train_loss": 9726.228369140625,
        "val_loss": 8601.213541666666,
        "epoch_time_sec": 4.471786600013729
      },
      {
        "epoch": 30.0,
        "train_loss": 9345.888818359375,
        "val_loss": 8232.356282552084,
        "epoch_time_sec": 4.351003999996465
      },
      {
        "epoch": 31.0,
        "train_loss": 8964.706884765625,
        "val_loss": 7864.387044270833,
        "epoch_time_sec": 4.4088197000091895
      },
      {
        "epoch": 32.0,
        "train_loss": 8572.372998046874,
        "val_loss": 7495.564290364583,
        "epoch_time_sec": 4.414506400004029
      },
      {
        "epoch": 33.0,
        "train_loss": 8182.911572265625,
        "val_loss": 7132.89892578125,