{
  "trial_idx": 14,
  "config": {
    "hidden_size": 32,
    "residual_weight": 0.0009444463872082286,
    "max_delta": 24.0,
    "lr": 0.0006096483423376635,
    "weight_decay": 1e-05,
    "batch_size": 16,
    "epochs": 100,
    "patience": 15,
    "warmup_steps": 0
  },
  "per_seed_val_rollout_r2": {
    "11": 0.9410264930142659
  },
  "mean_val_rollout_r2": 0.9410264930142659,
  "per_seed_val_rollout_rmse": {
    "11": 8.641041659770927
  },
  "mean_val_rollout_rmse": 8.641041659770927,
  "per_seed_per_roast_val_r2": {
    "11": {
      "ROAST_01_02_2021_10_32_03_P10": 0.9928946031078889,
      "ROAST_01_02_2021_10_55_00_P10": 0.9848930280281543,
      "ROAST_01_12_2020_12_08_17_P10": 0.9952300022660497,
      "ROAST_02_02_2021_09_30_53_P10": 0.9914500869280467,
      "ROAST_03_02_2021_00_40_46_P16": 0.9914828077359505,
      "ROAST_03_02_2021_01_02_17_P16": 0.989763255855841,
      "ROAST_03_02_2021_01_53_50_P16": 0.9124280241150088,
      "ROAST_03_02_2021_02_37_41_P16": 0.989243719473772,
      "ROAST_03_02_2021_13_04_31_P13": 0.8892231005960635,
      "ROAST_03_02_2021_13_14_56_P13": 0.8800923344877412,
      "ROAST_03_02_2021_14_23_03_P16": 0.9541230031246375,
      "ROAST_03_02_2021_14_31_11_P16": 0.9904870108321099,
      "ROAST_03_02_2021_15_37_32_P16": 0.9912891126607547,
      "ROAST_03_02_2021_15_59_55_P16": 0.9703552761425168,
      "ROAST_03_02_2021_17_06_59_P16": 0.9910642194127591,
      "ROAST_03_02_2021_17_36_10_P16": 0.9928291391078847,
      "ROAST_03_02_2021_18_48_30_P10": 0.975268847093267,
      "ROAST_03_02_2021_18_56_19_P10": 0.9938125057828356,
      "ROAST_04_02_2021_07_24_18_P13": 0.901932463243696,
      "ROAST_04_02_2021_07_34_24_P13": 0.8884833023540541,
      "ROAST_06_01_2021_00_44_22_P10": 0.7115398179512367,
      "ROAST_07_01_2021_13_41_48_P13": 0.9327072703981262,
      "ROAST_10_12_2020_07_06_47_P13": 0.8548214390885971,
      "ROAST_11_11_2020_15_53_33_P16": 0.9724773104633949,
      "ROAST_11_11_2020_16_54_52_P10": 0.9958134393936625,
      "ROAST_11_12_2020_13_06_43_P10": 0.9393467839617947,
      "ROAST_11_12_2020_13_30_46_P10": 0.9776721827731719,
      "ROAST_14_12_2020_20_23_52_P10": 0.9856945938233928,
      "ROAST_14_12_2020_20_33_54_P10": 0.9889455248470411,
      "ROAST_14_12_2020_22_26_18_P13": 0.8802788617113115,
      "ROAST_14_12_2020_22_38_34_P13": 0.8786650284960018,
      "ROAST_15_12_2020_20_18_47_P10": 0.9723740701439356,
      "ROAST_18_11_2020_14_51_36_P10": 0.9908654513143005,
      "ROAST_20_11_2020_10_06_57_P10": 0.9653103663103897,
      "ROAST_20_11_2020_10_31_24_P10": 0.9966325794239383
    }
  },
  "per_seed_history": {
    "11": [
      {
        "epoch": 1.0,
        "train_loss": 459.29224090576173,
        "val_loss": 392.5320638020833,
        "epoch_time_sec": 3.460131800005911
      },
      {
        "epoch": 2.0,
        "train_loss": 452.91911163330076,
        "val_loss": 384.23829142252606,
        "epoch_time_sec": 3.4733877000107896
      },
      {
        "epoch": 3.0,
        "train_loss": 445.3694473266602,
        "val_loss": 374.9104410807292,
        "epoch_time_sec": 3.372546400001738
      },
      {
        "epoch": 4.0,
        "train_loss": 434.72375946044923,
        "val_loss": 363.5227508544922,
        "epoch_time_sec": 3.231761100003496
      },
      {
        "epoch": 5.0,
        "train_loss": 422.3078094482422,
        "val_loss": 346.2905985514323,
        "epoch_time_sec": 3.4242936999944504
      },
      {
        "epoch": 6.0,
        "train_loss": 397.96393432617185,
        "val_loss": 314.368657430013,
        "epoch_time_sec": 3.3189168000244536
      },
      {
        "epoch": 7.0,
        "train_loss": 347.13417663574216,
        "val_loss": 253.65762329101562,
        "epoch_time_sec": 3.4077862999984063
      },
      {
        "epoch": 8.0,
        "train_loss": 286.3626174926758,
        "val_loss": 194.87859853108725,
        "epoch_time_sec": 3.4492704999865964
      },
      {
        "epoch": 9.0,
        "train_loss": 230.37065925598145,
        "val_loss": 146.92456563313803,
        "epoch_time_sec": 3.329143299983116
      },
      {
        "epoch": 10.0,
        "train_loss": 186.64074897766113,
        "val_loss": 122.92242050170898,
        "epoch_time_sec": 3.357549799984554
      },
      {
        "epoch": 11.0,
        "train_loss": 172.13638801574706,
        "val_loss": 118.44891103108723,
        "epoch_time_sec": 3.3682188999955542
      },
      {
        "epoch": 12.0,
        "train_loss": 158.2419288635254,
        "val_loss": 109.9728406270345,
        "epoch_time_sec": 3.261707199999364
      },
      {
        "epoch": 13.0,
        "train_loss": 155.63127403259278,
        "val_loss": 107.24318822224934,
        "epoch_time_sec": 3.3872441000130493
      },
      {
        "epoch": 14.0,
        "train_loss": 154.26019706726075,
        "val_loss": 105.09302775065105,
        "epoch_time_sec": 3.3345512000087183
      },
      {
        "epoch": 15.0,
        "train_loss": 149.92629623413086,
        "val_loss": 100.08477147420247,
        "epoch_time_sec": 3.405195100000128
      },
      {
        "epoch": 16.0,
        "train_loss": 146.1308448791504,
        "val_loss": 98.4215596516927,
        "epoch_time_sec": 3.3374394999991637
      },
      {
        "epoch": 17.0,
        "train_loss": 147.6737205505371,
        "val_loss": 95.36270268758138,
        "epoch_time_sec": 3.3610542000096757
      },
      {
        "epoch": 18.0,
        "train_loss": 144.83047103881836,
        "val_loss": 93.29191080729167,
        "epoch_time_sec": 3.388712599989958
      },
      {
        "epoch": 19.0,
        "train_loss": 143.94851245880128,
        "val_loss": 92.25581868489583,
        "epoch_time_sec": 3.496700499992585
      },
      {
        "epoch": 20.0,
        "train_loss": 144.3935432434082,
        "val_loss": 101.82831064860027,
        "epoch_time_sec": 3.291576699994039
      },
      {
        "epoch": 21.0,
        "train_loss": 142.3294162750244,
        "val_loss": 92.72337977091472,
        "epoch_time_sec": 3.4211826999962796
      },
      {
        "epoch": 22.0,
        "train_loss": 144.530668258667,
        "val_loss": 95.12829208374023,
        "epoch_time_sec": 3.4554561999975704
      },
      {
        "epoch": 23.0,
        "train_loss": 138.47546310424804,
        "val_loss": 86.87111155192058,
        "epoch_time_sec": 3.474850400001742
      },
      {
        "epoch": 24.0,
        "train_loss": 136.31650905609132,
        "val_loss": 85.42264048258464,
        "epoch_time_sec": 3.4191174999868963
      },
      {
        "epoch": 25.0,
        "train_loss": 136.61616954803466,
        "val_loss": 84.79850006103516,
        "epoch_time_sec": 3.278730899997754
      },
      {
        "epoch": 26.0,
        "train_loss": 134.21782398223877,
        "val_loss": 86.01835505167644,
        "epoch_time_sec": 3.489734100003261
      },
      {
        "epoch": 27.0,
        "train_loss": 136.37065296173097,
        "val_loss": 83.08211898803711,
        "epoch_time_sec": 3.381187199993292
      },
      {
        "epoch": 28.0,
        "train_loss": 135.0491449356079,
        "val_loss": 87.4250996907552,
        "epoch_time_sec": 3.310167499992531
      },
      {
        "epoch": 29.0,
        "train_loss": 134.09173164367675,
        "val_loss": 89.32552083333333,
        "epoch_time_sec": 3.3953479999909177
      },
      {
        "epoch": 30.0,
        "train_loss": 131.47839126586913,
        "val_loss": 82.47284317016602,
        "epoch_time_sec": 3.4275657999969553
      },
      {
        "epoch": 31.0,
        "train_loss": 130.22741870880128,
        "val_loss": 80.54108047485352,
        "epoch_time_sec": 3.3768494999967515
      },
      {
        "epoch": 32.0,
        "train_loss": 127.77761430740357,
        "val_loss": 79.65333557128906,
        "epoch_time_sec": 3.3741968999966048
      },
      {
        "epoch": 33.0,