{
  "trial_idx": 27,
  "config": {
    "hidden_widths": [
      64,
      32
    ],
    "residual_weight": 0.001986728325326437,
    "max_delta": 1000.0,
    "lr": 0.00027749387893460817,
    "weight_decay": 0.0001,
    "batch_size": 16,
    "epochs": 100,
    "patience": 15,
    "warmup_steps": 0
  },
  "per_seed_val_rollout_r2": {
    "11": 0.8791513826067097
  },
  "mean_val_rollout_r2": 0.8791513826067097,
  "per_seed_val_rollout_rmse": {
    "11": 12.369679996667756
  },
  "mean_val_rollout_rmse": 12.369679996667756,
  "per_seed_per_roast_val_r2": {
    "11": {
      "ROAST_01_02_2021_10_32_03_P10": 0.983549479006927,
      "ROAST_01_02_2021_10_55_00_P10": 0.9368797364328249,
      "ROAST_01_12_2020_12_08_17_P10": 0.9674968371552098,
      "ROAST_02_02_2021_09_30_53_P10": 0.9733550030472055,
      "ROAST_03_02_2021_00_40_46_P16": 0.9796642349650622,
      "ROAST_03_02_2021_01_02_17_P16": 0.9884726456231905,
      "ROAST_03_02_2021_01_53_50_P16": 0.5719029598914894,
      "ROAST_03_02_2021_02_37_41_P16": 0.977768694553434,
      "ROAST_03_02_2021_13_04_31_P13": 0.7860245333312326,
      "ROAST_03_02_2021_13_14_56_P13": 0.8501273823731162,
      "ROAST_03_02_2021_14_23_03_P16": 0.9574333400548485,
      "ROAST_03_02_2021_14_31_11_P16": 0.9779611439325078,
      "ROAST_03_02_2021_15_37_32_P16": 0.9375569214506465,
      "ROAST_03_02_2021_15_59_55_P16": 0.9467256076786321,
      "ROAST_03_02_2021_17_06_59_P16": 0.9823520115931729,
      "ROAST_03_02_2021_17_36_10_P16": 0.9828353958905859,
      "ROAST_03_02_2021_18_48_30_P10": 0.9381143020069432,
      "ROAST_03_02_2021_18_56_19_P10": 0.9809389851061023,
      "ROAST_04_02_2021_07_24_18_P13": 0.8326560832505401,
      "ROAST_04_02_2021_07_34_24_P13": 0.7905094288954566,
      "ROAST_06_01_2021_00_44_22_P10": 0.29824168099003867,
      "ROAST_07_01_2021_13_41_48_P13": 0.8010035767336043,
      "ROAST_10_12_2020_07_06_47_P13": 0.8529228402406618,
      "ROAST_11_11_2020_15_53_33_P16": 0.9353053099369137,
      "ROAST_11_11_2020_16_54_52_P10": 0.9859284187302156,
      "ROAST_11_12_2020_13_06_43_P10": 0.789791959708823,
      "ROAST_11_12_2020_13_30_46_P10": 0.9390294930092844,
      "ROAST_14_12_2020_20_23_52_P10": 0.9662677778990468,
      "ROAST_14_12_2020_20_33_54_P10": 0.9750431615028538,
      "ROAST_14_12_2020_22_26_18_P13": 0.8557677663946219,
      "ROAST_14_12_2020_22_38_34_P13": 0.7239732310176143,
      "ROAST_15_12_2020_20_18_47_P10": 0.9026159785010313,
      "ROAST_18_11_2020_14_51_36_P10": 0.9728604932011178,
      "ROAST_20_11_2020_10_06_57_P10": 0.9240487135929025,
      "ROAST_20_11_2020_10_31_24_P10": 0.9558596527103849
    }
  },
  "per_seed_history": {
    "11": [
      {
        "epoch": 1.0,
        "train_loss": 442.39134521484374,
        "val_loss": 345.46918233235675,
        "epoch_time_sec": 3.083481199995731
      },
      {
        "epoch": 2.0,
        "train_loss": 387.8265686035156,
        "val_loss": 311.73162333170575,
        "epoch_time_sec": 3.1980737000048975
      },
      {
        "epoch": 3.0,
        "train_loss": 359.50577850341796,
        "val_loss": 281.87221272786456,
        "epoch_time_sec": 3.222270500002196
      },
      {
        "epoch": 4.0,
        "train_loss": 325.8451232910156,
        "val_loss": 266.1475830078125,
        "epoch_time_sec": 3.019845599999826
      },
      {
        "epoch": 5.0,
        "train_loss": 313.94219360351565,
        "val_loss": 255.17119852701822,
        "epoch_time_sec": 3.061017100000754
      },
      {
        "epoch": 6.0,
        "train_loss": 301.5591613769531,
        "val_loss": 249.98404947916666,
        "epoch_time_sec": 3.206802399996377
      },
      {
        "epoch": 7.0,
        "train_loss": 311.45792083740236,
        "val_loss": 250.9792938232422,
        "epoch_time_sec": 3.0366798999966704
      },
      {
        "epoch": 8.0,
        "train_loss": 302.12260818481445,
        "val_loss": 245.56522623697916,
        "epoch_time_sec": 3.1403321999969194
      },
      {
        "epoch": 9.0,
        "train_loss": 298.12230072021487,
        "val_loss": 241.45993041992188,
        "epoch_time_sec": 3.2820608999973047
      },
      {
        "epoch": 10.0,
        "train_loss": 303.0104103088379,
        "val_loss": 241.8101577758789,
        "epoch_time_sec": 3.227176899999904
      },
      {
        "epoch": 11.0,
        "train_loss": 295.26185455322263,
        "val_loss": 234.90528869628906,
        "epoch_time_sec": 3.254850900004385
      },
      {
        "epoch": 12.0,
        "train_loss": 289.81521224975586,
        "val_loss": 232.75882975260416,
        "epoch_time_sec": 3.1914030000043567
      },
      {
        "epoch": 13.0,
        "train_loss": 292.43488998413085,
        "val_loss": 231.70262400309244,
        "epoch_time_sec": 3.093725300001097
      },
      {
        "epoch": 14.0,
        "train_loss": 284.3128128051758,
        "val_loss": 224.89820861816406,
        "epoch_time_sec": 2.9618553000036627
      },
      {
        "epoch": 15.0,
        "train_loss": 276.83499069213866,
        "val_loss": 222.2920888264974,
        "epoch_time_sec": 3.154936300001282
      },
      {
        "epoch": 16.0,
        "train_loss": 268.719059753418,
        "val_loss": 215.45668284098306,
        "epoch_time_sec": 3.1874112999939825
      },
      {
        "epoch": 17.0,
        "train_loss": 258.65904846191404,
        "val_loss": 211.06384785970053,
        "epoch_time_sec": 3.1789216000033775
      },
      {
        "epoch": 18.0,
        "train_loss": 280.3585655212402,
        "val_loss": 217.4514617919922,
        "epoch_time_sec": 3.0769998999967356
      },
      {
        "epoch": 19.0,
        "train_loss": 268.8321983337402,
        "val_loss": 205.6205825805664,
        "epoch_time_sec": 3.2582667999959085
      },
      {
        "epoch": 20.0,
        "train_loss": 249.84407730102538,
        "val_loss": 199.44385782877603,
        "epoch_time_sec": 3.191682900003798
      },
      {
        "epoch": 21.0,
        "train_loss": 250.52190551757812,
        "val_loss": 195.9809137980143,
        "epoch_time_sec": 3.2139860000024782
      },
      {
        "epoch": 22.0,
        "train_loss": 252.40938835144044,
        "val_loss": 202.57635243733725,
        "epoch_time_sec": 3.2062846000044374
      },
      {
        "epoch": 23.0,
        "train_loss": 253.04608192443848,
        "val_loss": 193.31654612223306,
        "epoch_time_sec": 3.1925508999993326
      },
      {
        "epoch": 24.0,
        "train_loss": 239.98475952148436,
        "val_loss": 186.12604777018228,
        "epoch_time_sec": 3.2208782999950927
      },
      {
        "epoch": 25.0,
        "train_loss": 246.696919631958,
        "val_loss": 200.18865966796875,
        "epoch_time_sec": 3.1933468999995966
      },
      {
        "epoch": 26.0,
        "train_loss": 249.2735954284668,
        "val_loss": 178.8849983215332,
        "epoch_time_sec": 3.394525600000634
      },
      {
        "epoch": 27.0,
        "train_loss": 228.62705001831054,
        "val_loss": 185.98098500569662,
        "epoch_time_sec": 3.468141100005596
      },
      {
        "epoch": 28.0,
        "train_loss": 236.79894371032714,
        "val_loss": 178.95912424723306,
        "epoch_time_sec": 3.0257468999989214
      },
      {
        "epoch": 29.0,
        "train_loss": 227.1523910522461,
        "val_loss": 171.95536677042642,
        "epoch_time_sec": 3.166025600003195
      },
      {
        "epoch": 30.0,
        "train_loss": 216.42959213256836,
        "val_loss": 165.14134470621744,
        "epoch_time_sec": 3.045175499995821
      },
      {
        "epoch": 31.0,
        "train_loss": 203.62243118286133,
        "val_loss": 164.23015340169272,
        "epoch_time_sec": 3.0246017999961623
      },
      {
        "epoch": 32.0,
        "train_loss": 207.6667137145996,
        "val_loss": 163.53030014038086,