{
  "config": {
    "he_hidden_widths": [
      128,
      64,
      32
    ],
    "moisture_hidden_widths": [
      32,
      16
    ],
    "reaction_hidden_widths": [
      64,
      32
    ],
    "lr": 0.0015566769129711732,
    "weight_decay": 1e-06,
    "batch_size": 16,
    "epochs": 100,
    "patience": 15,
    "tgo_weight": 0.0,
    "detach_state_steps": false,
    "warmup_steps": 0,
    "fixed_initial_bean_temp_c": null,
    "fixed_initial_moisture_ratio": null,
    "freeze_init_net": false
  },
  "final_seeds": [
    11,
    23,
    37
  ],
  "final_epochs": 300,
  "final_patience": 30,
  "per_seed": {
    "11": {
      "rollout_metrics": {
        "r2": 0.9435567326436949,
        "rmse": 8.280836041557318,
        "mae": 6.130434987355067,
        "n": 2297
      },
      "one_step_metrics": {
        "r2": 0.9846132391154203,
        "rmse": 4.323562239236783,
        "mae": 2.944295816251284,
        "n": 2297
      },
      "rollout_r2_ci95": [
        0.9164626298675665,
        0.9717457507432609
      ],
      "param_count": 14196,
      "per_roast_r2": {
        "ROAST_01_12_2020_12_01_21_P10": 0.9963036724441017,
        "ROAST_01_12_2020_12_15_12_P10": 0.9871545838045406,
        "ROAST_02_02_2021_09_23_18_P10": 0.9900439986901063,
        "ROAST_02_02_2021_23_39_22_P16": 0.9548004694957164,
        "ROAST_03_02_2021_00_17_45_P16": 0.9467001366049395,
        "ROAST_03_02_2021_00_50_23_P16": 0.9493321758305655,
        "ROAST_03_02_2021_01_39_22_P16": 0.960048605832691,
        "ROAST_03_02_2021_02_00_54_P16": 0.9532930936587874,
        "ROAST_03_02_2021_02_22_48_P16": 0.9491755760695443,
        "ROAST_03_02_2021_02_30_15_P16": 0.953726868199512,
        "ROAST_03_02_2021_03_44_21_P10": 0.991946747988942,
        "ROAST_03_02_2021_04_29_08_P10": 0.9861111341639354,
        "ROAST_03_02_2021_14_15_42_P16": 0.9626131005447602,
        "ROAST_03_02_2021_14_46_10_P16": 0.9468843830961895,
        "ROAST_03_02_2021_14_53_21_P16": 0.9601131195173134,
        "ROAST_03_02_2021_15_00_47_P16": 0.9404393943168761,
        "ROAST_03_02_2021_17_50_41_P16": 0.9560440708243582,
        "ROAST_05_01_2021_00_47_59_P10": 0.9961714429154401,
        "ROAST_06_01_2021_00_28_35_P10": 0.9821993135746011,
        "ROAST_06_01_2021_00_58_18_P10": 0.9936662287882084,
        "ROAST_07_01_2021_13_01_19_P13": 0.7737253205539518,
        "ROAST_07_01_2021_13_21_24_P13": 0.7977881733086524,
        "ROAST_11_11_2020_16_13_25_P16": 0.929979052047213,
        "ROAST_11_12_2020_13_14_24_P10": 0.995754747989088,
        "ROAST_12_01_2021_07_40_15_P13": 0.807360846394272,
        "ROAST_12_12_2020_09_01_22_P10": 0.9686012102426204,
        "ROAST_12_12_2020_09_30_50_P10": 0.9976742997271361,
        "ROAST_15_12_2020_20_34_03_P10": 0.9944784147893228,
        "ROAST_15_12_2020_20_41_17_P10": 0.9962417869189407,
        "ROAST_18_11_2020_06_00_32_P13": 0.8726202085142545,
        "ROAST_18_12_2020_00_04_54_P10": 0.9882398950551514,
        "ROAST_18_12_2020_00_11_59_P10": 0.9962026732637076,
        "ROAST_18_12_2020_09_32_17_P10": 0.9870275798019367,
        "ROAST_20_01_2021_20_25_00_P10": 0.993095195612758,
        "ROAST_20_11_2020_09_31_11_P10": 0.9932172570846386,
        "ROAST_20_11_2020_10_20_08_P10": 0.9916800492337593
      },
      "val_rollout_r2": 0.91475304220568,
      "training": {
        "best_val_loss": 73.73325125376384,
        "best_epoch": 119,
        "epochs_run": 149,
        "wall_time_sec": 925.4127601
      }
    },
    "23": {
      "rollout_metrics": {
        "r2": 0.9419627469154775,
        "rmse": 8.396949422608563,
        "mae": 6.256246528409593,
        "n": 2297
      },
      "one_step_metrics": {
        "r2": 0.9845996086237851,
        "rmse": 4.325476847312578,
        "mae": 2.935548993427441,
        "n": 2297
      },
      "rollout_r2_ci95": [
        0.9147755915279538,
        0.9710550125641765
      ],
      "param_count": 14196,
      "per_roast_r2": {
        "ROAST_01_12_2020_12_01_21_P10": 0.9952328187772781,
        "ROAST_01_12_2020_12_15_12_P10": 0.9824303240443018,
        "ROAST_02_02_2021_09_23_18_P10": 0.9862165632703889,
        "ROAST_02_02_2021_23_39_22_P16": 0.9505720106438811,
        "ROAST_03_02_2021_00_17_45_P16": 0.9417379157697362,
        "ROAST_03_02_2021_00_50_23_P16": 0.9465945948826536,
        "ROAST_03_02_2021_01_39_22_P16": 0.9516498576813889,
        "ROAST_03_02_2021_02_00_54_P16": 0.955309050032818,
        "ROAST_03_02_2021_02_22_48_P16": 0.9490372793068154,
        "ROAST_03_02_2021_02_30_15_P16": 0.9530990416052345,
        "ROAST_03_02_2021_03_44_21_P10": 0.9922754856484577,
        "ROAST_03_02_2021_04_29_08_P10": 0.9838608208186498,
        "ROAST_03_02_2021_14_15_42_P16": 0.9568109020198441,
        "ROAST_03_02_2021_14_46_10_P16": 0.935193950603213,
        "ROAST_03_02_2021_14_53_21_P16": 0.9597054338284714,
        "ROAST_03_02_2021_15_00_47_P16": 0.9248450444208701,
        "ROAST_03_02_2021_17_50_41_P16": 0.9551216939392775,
        "ROAST_05_01_2021_00_47_59_P10": 0.9954767362160023,
        "ROAST_06_01_2021_00_28_35_P10": 0.9902589527302671,
        "ROAST_06_01_2021_00_58_18_P10": 0.9938653023777164,
        "ROAST_07_01_2021_13_01_19_P13": 0.7738522086149053,
        "ROAST_07_01_2021_13_21_24_P13": 0.7951342530386735,
        "ROAST_11_11_2020_16_13_25_P16": 0.9301010587568873,
        "ROAST_11_12_2020_13_14_24_P10": 0.9970957969598792,
        "ROAST_12_01_2021_07_40_15_P13": 0.8041442238734298,
        "ROAST_12_12_2020_09_01_22_P10": 0.9692166911026562,
        "ROAST_12_12_2020_09_30_50_P10": 0.9978478187081483,
        "ROAST_15_12_2020_20_34_03_P10": 0.9956078948325244,
        "ROAST_15_12_2020_20_41_17_P10": 0.9972230287939827,
        "ROAST_18_11_2020_06_00_32_P13": 0.8644642381906553,
        "ROAST_18_12_2020_00_04_54_P10": 0.9871970623544334,
        "ROAST_18_12_2020_00_11_59_P10": 0.9952844483264842,
        "ROAST_18_12_2020_09_32_17_P10": 0.9947006119966733,
        "ROAST_20_01_2021_20_25_00_P10": 0.9955059425900122,
        "ROAST_20_11_2020_09_31_11_P10": 0.9961903582448653,
        "ROAST_20_11_2020_10_20_08_P10": 0.9900085542902557
      },
      "val_rollout_r2": 0.9134043318048086,
      "training": {
        "best_val_loss": 75.05771478017171,
        "best_epoch": 147,
        "epochs_run": 177,
        "wall_time_sec": 1133.4496423000019
      }
    },
    "37": {
      "rollout_metrics": {
        "r2": 0.8265018559144035,
        "rmse": 14.518292087642605,
        "mae": 11.682361077660314,
        "n": 2297
      },
      "one_step_metrics": {
        "r2": 0.9844582955755204,
        "rmse": 4.345276685850476,
        "mae": 2.8598090411374293,
        "n": 2297
      },
      "rollout_r2_ci95": [
        0.8002064080928828,
        0.8494653617368649
      ],
      "param_count": 14196,
      "per_roast_r2": {
        "ROAST_01_12_2020_12_01_21_P10": 0.8985746213586447,
        "ROAST_01_12_2020_12_15_12_P10": 0.7844453697796956,
        "ROAST_02_02_2021_09_23_18_P10": 0.8583943104365154,
        "ROAST_02_02_2021_23_39_22_P16": 0.848326242181647,
        "ROAST_03_02_2021_00_17_45_P16": 0.8169814178278951,
        "ROAST_03_02_2021_00_50_23_P16": 0.8010169715809077,
        "ROAST_03_02_2021_01_39_22_P16": 0.8364760995994742,
        "ROAST_03_02_2021_02_00_54_P16": 0.8170543009685842,
        "ROAST_03_02_2021_02_22_48_P16": 0.7917483014868592,
        "ROAST_03_02_2021_02_30_15_P16": 0.7952827855876219,
        "ROAST_03_02_2021_03_44_21_P10": 0.8924929224848572,
        "ROAST_03_02_2021_04_29_08_P10": 0.8911398875537486,
        "ROAST_03_02_2021_14_15_42_P16": 0.8568184311598315,
        "ROAST_03_02_2021_14_46_10_P16": 0.7171300975486616,
        "ROAST_03_02_2021_14_53_21_P16": 0.7947642637759693,
        "ROAST_03_02_2021_15_00_47_P16": 0.6279277996071403,
        "ROAST_03_02_2021_17_50_41_P16": 0.7790511921705198,
        "ROAST_05_01_2021_00_47_59_P10": 0.8662789268239345,