{
  "config": {
    "hidden_widths": [
      64,
      32
    ],
    "residual_weight": 0.001986728325326437,
    "max_delta": 1000.0,
    "lr": 0.00027749387893460817,
    "weight_decay": 0.0001,
    "batch_size": 16,
    "epochs": 100,
    "patience": 15,
    "warmup_steps": 0
  },
  "final_seeds": [
    11,
    23,
    37
  ],
  "final_epochs": 200,
  "final_patience": 25,
  "per_seed": {
    "11": {
      "rollout_metrics": {
        "r2": 0.9157987937562626,
        "rmse": 10.11410060784206,
        "mae": 7.308628273923655,
        "n": 2297
      },
      "one_step_metrics": {
        "r2": 0.8745846000815107,
        "rmse": 12.343648508422175,
        "mae": 9.222818954394702,
        "n": 2297
      },
      "rollout_r2_ci95": [
        0.8869057635422879,
        0.9468175012572249
      ],
      "param_count": 2433,
      "per_roast_r2": {
        "ROAST_01_12_2020_12_01_21_P10": 0.9630749894817904,
        "ROAST_01_12_2020_12_15_12_P10": 0.8911983215765313,
        "ROAST_02_02_2021_09_23_18_P10": 0.9255904745167224,
        "ROAST_02_02_2021_23_39_22_P16": 0.9917646185336029,
        "ROAST_03_02_2021_00_17_45_P16": 0.9741067377497595,
        "ROAST_03_02_2021_00_50_23_P16": 0.9807764189258344,
        "ROAST_03_02_2021_01_39_22_P16": 0.8282969940281504,
        "ROAST_03_02_2021_02_00_54_P16": 0.9629238468468279,
        "ROAST_03_02_2021_02_22_48_P16": 0.9681131574893586,
        "ROAST_03_02_2021_02_30_15_P16": 0.9831898018556181,
        "ROAST_03_02_2021_03_44_21_P10": 0.9692316195963022,
        "ROAST_03_02_2021_04_29_08_P10": 0.9799010434303738,
        "ROAST_03_02_2021_14_15_42_P16": 0.9893755776777278,
        "ROAST_03_02_2021_14_46_10_P16": 0.868147816875276,
        "ROAST_03_02_2021_14_53_21_P16": 0.9802763215338874,
        "ROAST_03_02_2021_15_00_47_P16": 0.7879772408055412,
        "ROAST_03_02_2021_17_50_41_P16": 0.9819277873909105,
        "ROAST_05_01_2021_00_47_59_P10": 0.9749688488109148,
        "ROAST_06_01_2021_00_28_35_P10": 0.7820978711067104,
        "ROAST_06_01_2021_00_58_18_P10": 0.9564611872938759,
        "ROAST_07_01_2021_13_01_19_P13": 0.7622916655491432,
        "ROAST_07_01_2021_13_21_24_P13": 0.7510100248551987,
        "ROAST_11_11_2020_16_13_25_P16": 0.9842567444985625,
        "ROAST_11_12_2020_13_14_24_P10": 0.9135433098370583,
        "ROAST_12_01_2021_07_40_15_P13": 0.8565041615415507,
        "ROAST_12_12_2020_09_01_22_P10": 0.9729984578537418,
        "ROAST_12_12_2020_09_30_50_P10": 0.9745210247492361,
        "ROAST_15_12_2020_20_34_03_P10": 0.9507735873467057,
        "ROAST_15_12_2020_20_41_17_P10": 0.9697827317412303,
        "ROAST_18_11_2020_06_00_32_P13": 0.8455353352811212,
        "ROAST_18_12_2020_00_04_54_P10": 0.9710334782940003,
        "ROAST_18_12_2020_00_11_59_P10": 0.9768436655083014,
        "ROAST_18_12_2020_09_32_17_P10": 0.7220233721166136,
        "ROAST_20_01_2021_20_25_00_P10": 0.9865920851045974,
        "ROAST_20_11_2020_09_31_11_P10": 0.9600629322815027,
        "ROAST_20_11_2020_10_20_08_P10": 0.9457059649159194
      },
      "val_rollout_r2": 0.8795654246224507,
      "training": {
        "best_val_loss": 121.01901880900066,
        "best_epoch": 147,
        "epochs_run": 172,
        "wall_time_sec": 536.389977999992
      }
    },
    "23": {
      "rollout_metrics": {
        "r2": 0.9188629327612581,
        "rmse": 9.928365703459416,
        "mae": 7.158552864151101,
        "n": 2297
      },
      "one_step_metrics": {
        "r2": 0.8719494059976158,
        "rmse": 12.472655052000288,
        "mae": 9.283846157739928,
        "n": 2297
      },
      "rollout_r2_ci95": [
        0.8872238692632708,
        0.9486436828633316
      ],
      "param_count": 2433,
      "per_roast_r2": {
        "ROAST_01_12_2020_12_01_21_P10": 0.9607610994202873,
        "ROAST_01_12_2020_12_15_12_P10": 0.8254467670975387,
        "ROAST_02_02_2021_09_23_18_P10": 0.9535500686535702,
        "ROAST_02_02_2021_23_39_22_P16": 0.9875976203803352,
        "ROAST_03_02_2021_00_17_45_P16": 0.9819959066014221,
        "ROAST_03_02_2021_00_50_23_P16": 0.9713372753960664,
        "ROAST_03_02_2021_01_39_22_P16": 0.733787652521531,
        "ROAST_03_02_2021_02_00_54_P16": 0.9665143282187434,
        "ROAST_03_02_2021_02_22_48_P16": 0.9729097101172379,
        "ROAST_03_02_2021_02_30_15_P16": 0.9863066141471187,
        "ROAST_03_02_2021_03_44_21_P10": 0.9685985762633867,
        "ROAST_03_02_2021_04_29_08_P10": 0.9821438207134087,
        "ROAST_03_02_2021_14_15_42_P16": 0.9950803895299649,
        "ROAST_03_02_2021_14_46_10_P16": 0.9203076191169153,
        "ROAST_03_02_2021_14_53_21_P16": 0.9818598727004195,
        "ROAST_03_02_2021_15_00_47_P16": 0.9214607854579524,
        "ROAST_03_02_2021_17_50_41_P16": 0.9841046980006408,
        "ROAST_05_01_2021_00_47_59_P10": 0.9794487944762544,
        "ROAST_06_01_2021_00_28_35_P10": 0.7841077510599883,
        "ROAST_06_01_2021_00_58_18_P10": 0.9578518769162522,
        "ROAST_07_01_2021_13_01_19_P13": 0.7492930109030331,
        "ROAST_07_01_2021_13_21_24_P13": 0.7608564193659901,
        "ROAST_11_11_2020_16_13_25_P16": 0.989258010701229,
        "ROAST_11_12_2020_13_14_24_P10": 0.9276741069053823,
        "ROAST_12_01_2021_07_40_15_P13": 0.8543251526374044,
        "ROAST_12_12_2020_09_01_22_P10": 0.9708461778555453,
        "ROAST_12_12_2020_09_30_50_P10": 0.959334378734924,
        "ROAST_15_12_2020_20_34_03_P10": 0.9629294910064131,
        "ROAST_15_12_2020_20_41_17_P10": 0.9523358316966082,
        "ROAST_18_11_2020_06_00_32_P13": 0.8411152240629634,
        "ROAST_18_12_2020_00_04_54_P10": 0.975295205495708,
        "ROAST_18_12_2020_00_11_59_P10": 0.9595494244851492,
        "ROAST_18_12_2020_09_32_17_P10": 0.8230318272572323,
        "ROAST_20_01_2021_20_25_00_P10": 0.9782556529519901,
        "ROAST_20_11_2020_09_31_11_P10": 0.9768286515588506,
        "ROAST_20_11_2020_10_20_08_P10": 0.9337622552255641
      },
      "val_rollout_r2": 0.8780376544547054,
      "training": {
        "best_val_loss": 121.36889902750652,
        "best_epoch": 200,
        "epochs_run": 200,
        "wall_time_sec": 755.0739162999962
      }
    },
    "37": {
      "rollout_metrics": {
        "r2": 0.9107177484247009,
        "rmse": 10.414793894659384,
        "mae": 7.63179559105627,
        "n": 2297
      },
      "one_step_metrics": {
        "r2": 0.8661790510589977,
        "rmse": 12.750586604014327,
        "mae": 9.346236358230717,
        "n": 2297
      },
      "rollout_r2_ci95": [
        0.8790866209680283,
        0.9395994926050645
      ],
      "param_count": 2433,
      "per_roast_r2": {
        "ROAST_01_12_2020_12_01_21_P10": 0.9438915467772329,
        "ROAST_01_12_2020_12_15_12_P10": 0.83437903280402,
        "ROAST_02_02_2021_09_23_18_P10": 0.9262278688552947,
        "ROAST_02_02_2021_23_39_22_P16": 0.9848560282775586,
        "ROAST_03_02_2021_00_17_45_P16": 0.9750591737037683,
        "ROAST_03_02_2021_00_50_23_P16": 0.958734443286951,
        "ROAST_03_02_2021_01_39_22_P16": 0.738760438223099,
        "ROAST_03_02_2021_02_00_54_P16": 0.9569331432916274,
        "ROAST_03_02_2021_02_22_48_P16": 0.9647639173879504,
        "ROAST_03_02_2021_02_30_15_P16": 0.9809722399583732,
        "ROAST_03_02_2021_03_44_21_P10": 0.959211416012653,
        "ROAST_03_02_2021_04_29_08_P10": 0.9774194100061232,
        "ROAST_03_02_2021_14_15_42_P16": 0.9914552264081595,
        "ROAST_03_02_2021_14_46_10_P16": 0.9210043212110899,
        "ROAST_03_02_2021_14_53_21_P16": 0.9771462064857069,
        "ROAST_03_02_2021_15_00_47_P16": 0.9196879111702125,
        "ROAST_03_02_2021_17_50_41_P16": 0.980050025111959,
        "ROAST_05_01_2021_00_47_59_P10": 0.968897012241507,
        "ROAST_06_01_2021_00_28_35_P10": 0.7395117952852308,
        "ROAST_06_01_2021_00_58_18_P10": 0.9436839864514117,
        "ROAST_07_01_2021_13_01_19_P13": 0.7486844024896075,
        "ROAST_07_01_2021_13_21_24_P13": 0.7509770524901501,