{
  "config": {
    "hidden_widths": [
      128,
      64
    ],
    "residual_weight": 0.0003110038877774296,
    "max_delta": 24.0,
    "lr": 0.0008301566079008494,
    "weight_decay": 1e-05,
    "batch_size": 32,
    "epochs": 100,
    "patience": 15,
    "warmup_steps": 0
  },
  "final_seeds": [
    11,
    23,
    37
  ],
  "final_epochs": 200,
  "final_patience": 25,
  "per_seed": {
    "11": {
      "rollout_metrics": {
        "r2": 0.8962591708855044,
        "rmse": 11.226463536669744,
        "mae": 7.942018325400446,
        "n": 2297
      },
      "one_step_metrics": {
        "r2": 0.9086154469921323,
        "rmse": 10.536697421513791,
        "mae": 8.373414755967788,
        "n": 2297
      },
      "rollout_r2_ci95": [
        0.8566332812069818,
        0.9386008781324356
      ],
      "param_count": 8961,
      "per_roast_r2": {
        "ROAST_01_12_2020_12_01_21_P10": 0.9573846122888272,
        "ROAST_01_12_2020_12_15_12_P10": 0.8857920996983775,
        "ROAST_02_02_2021_09_23_18_P10": 0.9214849939667827,
        "ROAST_02_02_2021_23_39_22_P16": 0.9937448710555248,
        "ROAST_03_02_2021_00_17_45_P16": 0.9740794026520786,
        "ROAST_03_02_2021_00_50_23_P16": 0.9802249990644203,
        "ROAST_03_02_2021_01_39_22_P16": 0.8372230646737939,
        "ROAST_03_02_2021_02_00_54_P16": 0.9593322607658278,
        "ROAST_03_02_2021_02_22_48_P16": 0.9682057449188374,
        "ROAST_03_02_2021_02_30_15_P16": 0.9838863364519888,
        "ROAST_03_02_2021_03_44_21_P10": 0.9692792601258107,
        "ROAST_03_02_2021_04_29_08_P10": 0.9828907305977036,
        "ROAST_03_02_2021_14_15_42_P16": 0.9911573755990514,
        "ROAST_03_02_2021_14_46_10_P16": 0.8760691058818952,
        "ROAST_03_02_2021_14_53_21_P16": 0.9805611364162647,
        "ROAST_03_02_2021_15_00_47_P16": 0.8239594243743352,
        "ROAST_03_02_2021_17_50_41_P16": 0.9829687217657413,
        "ROAST_05_01_2021_00_47_59_P10": 0.9696984019676393,
        "ROAST_06_01_2021_00_28_35_P10": 0.7384579769231499,
        "ROAST_06_01_2021_00_58_18_P10": 0.9481603551600415,
        "ROAST_07_01_2021_13_01_19_P13": 0.7144105751743124,
        "ROAST_07_01_2021_13_21_24_P13": 0.7126602658855689,
        "ROAST_11_11_2020_16_13_25_P16": 0.9868186651764028,
        "ROAST_11_12_2020_13_14_24_P10": 0.9097348278390789,
        "ROAST_12_01_2021_07_40_15_P13": 0.7377477740141707,
        "ROAST_12_12_2020_09_01_22_P10": 0.9732209336842792,
        "ROAST_12_12_2020_09_30_50_P10": 0.9731827162187477,
        "ROAST_15_12_2020_20_34_03_P10": 0.9376905723619227,
        "ROAST_15_12_2020_20_41_17_P10": 0.9695599839722768,
        "ROAST_18_11_2020_06_00_32_P13": 0.6794924228945325,
        "ROAST_18_12_2020_00_04_54_P10": 0.9616393361379234,
        "ROAST_18_12_2020_00_11_59_P10": 0.9712283605214597,
        "ROAST_18_12_2020_09_32_17_P10": 0.7173333977250882,
        "ROAST_20_01_2021_20_25_00_P10": 0.9847759704556686,
        "ROAST_20_11_2020_09_31_11_P10": 0.957354836123385,
        "ROAST_20_11_2020_10_20_08_P10": 0.9422280602667591
      },
      "val_rollout_r2": 0.8460438993516806,
      "training": {
        "best_val_loss": 126.90923881530762,
        "best_epoch": 160,
        "epochs_run": 185,
        "wall_time_sec": 344.09530559999985
      }
    },
    "23": {
      "rollout_metrics": {
        "r2": 0.8924499081444961,
        "rmse": 11.430717866983661,
        "mae": 7.826459203245954,
        "n": 2297
      },
      "one_step_metrics": {
        "r2": 0.9122815237891085,
        "rmse": 10.323183618273731,
        "mae": 8.273114213623792,
        "n": 2297
      },
      "rollout_r2_ci95": [
        0.8444051577342452,
        0.942000885195599
      ],
      "param_count": 8961,
      "per_roast_r2": {
        "ROAST_01_12_2020_12_01_21_P10": 0.9646926947838902,
        "ROAST_01_12_2020_12_15_12_P10": 0.8231218434847576,
        "ROAST_02_02_2021_09_23_18_P10": 0.9473240678577092,
        "ROAST_02_02_2021_23_39_22_P16": 0.99137492670964,
        "ROAST_03_02_2021_00_17_45_P16": 0.9810001215742472,
        "ROAST_03_02_2021_00_50_23_P16": 0.9794365595222622,
        "ROAST_03_02_2021_01_39_22_P16": 0.7527374096214436,
        "ROAST_03_02_2021_02_00_54_P16": 0.9623096451351024,
        "ROAST_03_02_2021_02_22_48_P16": 0.9723933997714319,
        "ROAST_03_02_2021_02_30_15_P16": 0.9878680397838762,
        "ROAST_03_02_2021_03_44_21_P10": 0.9707117301718013,
        "ROAST_03_02_2021_04_29_08_P10": 0.9859984412201593,
        "ROAST_03_02_2021_14_15_42_P16": 0.997671742755033,
        "ROAST_03_02_2021_14_46_10_P16": 0.9335430940767624,
        "ROAST_03_02_2021_14_53_21_P16": 0.982319386324956,
        "ROAST_03_02_2021_15_00_47_P16": 0.944798845557094,
        "ROAST_03_02_2021_17_50_41_P16": 0.9848875268948841,
        "ROAST_05_01_2021_00_47_59_P10": 0.9844305175478314,
        "ROAST_06_01_2021_00_28_35_P10": 0.7189713664048771,
        "ROAST_06_01_2021_00_58_18_P10": 0.9519487357069528,
        "ROAST_07_01_2021_13_01_19_P13": 0.6737536265628739,
        "ROAST_07_01_2021_13_21_24_P13": 0.6769776290712177,
        "ROAST_11_11_2020_16_13_25_P16": 0.9922297007910329,
        "ROAST_11_12_2020_13_14_24_P10": 0.9260473938137521,
        "ROAST_12_01_2021_07_40_15_P13": 0.7032203971218445,
        "ROAST_12_12_2020_09_01_22_P10": 0.9706576309296374,
        "ROAST_12_12_2020_09_30_50_P10": 0.9680970302895868,
        "ROAST_15_12_2020_20_34_03_P10": 0.9482228340103543,
        "ROAST_15_12_2020_20_41_17_P10": 0.9585534286122822,
        "ROAST_18_11_2020_06_00_32_P13": 0.6097994675566819,
        "ROAST_18_12_2020_00_04_54_P10": 0.9678589412374609,
        "ROAST_18_12_2020_00_11_59_P10": 0.9621255296919771,
        "ROAST_18_12_2020_09_32_17_P10": 0.8134288398684306,
        "ROAST_20_01_2021_20_25_00_P10": 0.9816495637222937,
        "ROAST_20_11_2020_09_31_11_P10": 0.9764046334808139,
        "ROAST_20_11_2020_10_20_08_P10": 0.9370577636293987
      },
      "val_rollout_r2": 0.8272963054037628,
      "training": {
        "best_val_loss": 136.9446144104004,
        "best_epoch": 98,
        "epochs_run": 123,
        "wall_time_sec": 227.49119689999497
      }
    },
    "37": {
      "rollout_metrics": {
        "r2": 0.8922850833107117,
        "rmse": 11.43947353069724,
        "mae": 7.8767703370628634,
        "n": 2297
      },
      "one_step_metrics": {
        "r2": 0.9093350413685743,
        "rmse": 10.495130585821554,
        "mae": 8.58382983010491,
        "n": 2297
      },
      "rollout_r2_ci95": [
        0.842578519688238,
        0.9378644949464544
      ],
      "param_count": 8961,
      "per_roast_r2": {
        "ROAST_01_12_2020_12_01_21_P10": 0.9576429054904839,
        "ROAST_01_12_2020_12_15_12_P10": 0.8440227017527581,
        "ROAST_02_02_2021_09_23_18_P10": 0.9309366877102436,
        "ROAST_02_02_2021_23_39_22_P16": 0.9911923049321861,
        "ROAST_03_02_2021_00_17_45_P16": 0.9771988881257644,
        "ROAST_03_02_2021_00_50_23_P16": 0.9713839350120055,
        "ROAST_03_02_2021_01_39_22_P16": 0.7702992057278785,
        "ROAST_03_02_2021_02_00_54_P16": 0.9592094303572953,
        "ROAST_03_02_2021_02_22_48_P16": 0.9680735496260637,
        "ROAST_03_02_2021_02_30_15_P16": 0.9844374211499941,
        "ROAST_03_02_2021_03_44_21_P10": 0.9728600419619063,
        "ROAST_03_02_2021_04_29_08_P10": 0.983745056107875,
        "ROAST_03_02_2021_14_15_42_P16": 0.9918980548506074,
        "ROAST_03_02_2021_14_46_10_P16": 0.9451551775112791,
        "ROAST_03_02_2021_14_53_21_P16": 0.9776610435356435,
        "ROAST_03_02_2021_15_00_47_P16": 0.9494512441515892,
        "ROAST_03_02_2021_17_50_41_P16": 0.9807712119783044,
        "ROAST_05_01_2021_00_47_59_P10": 0.9827741024455386,
        "ROAST_06_01_2021_00_28_35_P10": 0.7140429709219838,
        "ROAST_06_01_2021_00_58_18_P10": 0.9550856831162584,
        "ROAST_07_01_2021_13_01_19_P13": 0.6699768126665564,
        "ROAST_07_01_2021_13_21_24_P13": 0.6736125808646027,