{
  "trial_idx": 34,
  "config": {
    "hidden_widths": [
      128,
      64,
      32
    ],
    "lr": 0.0011857261728765336,
    "weight_decay": 1e-06,
    "batch_size": 16,
    "epochs": 100,
    "patience": 15,
    "tgo_weight": 0.0,
    "detach_state_steps": false,
    "warmup_steps": 0
  },
  "per_seed_val_rollout_r2": {
    "11": 0.6360273449553348
  },
  "mean_val_rollout_r2": 0.6360273449553348,
  "per_seed_val_rollout_rmse": {
    "11": 21.46703181296286
  },
  "mean_val_rollout_rmse": 21.46703181296286,
  "per_seed_per_roast_val_r2": {
    "11": {
      "ROAST_01_02_2021_10_32_03_P10": 0.8497229092039051,
      "ROAST_01_02_2021_10_55_00_P10": 0.7511583214557247,
      "ROAST_01_12_2020_12_08_17_P10": 0.8079193036324339,
      "ROAST_02_02_2021_09_30_53_P10": 0.7999537624283857,
      "ROAST_03_02_2021_00_40_46_P16": 0.8332314582672923,
      "ROAST_03_02_2021_01_02_17_P16": 0.837696194023266,
      "ROAST_03_02_2021_01_53_50_P16": 0.48707380934272315,
      "ROAST_03_02_2021_02_37_41_P16": 0.8136410544491117,
      "ROAST_03_02_2021_13_04_31_P13": 0.4417875437785562,
      "ROAST_03_02_2021_13_14_56_P13": 0.46279355942374834,
      "ROAST_03_02_2021_14_23_03_P16": 0.7786516560693665,
      "ROAST_03_02_2021_14_31_11_P16": 0.8354013356885516,
      "ROAST_03_02_2021_15_37_32_P16": 0.8346375602341903,
      "ROAST_03_02_2021_15_59_55_P16": 0.7858799620174438,
      "ROAST_03_02_2021_17_06_59_P16": 0.8158473692797409,
      "ROAST_03_02_2021_17_36_10_P16": 0.8465834743394457,
      "ROAST_03_02_2021_18_48_30_P10": 0.742897642369787,
      "ROAST_03_02_2021_18_56_19_P10": 0.8147648637600333,
      "ROAST_04_02_2021_07_24_18_P13": 0.486558014370125,
      "ROAST_04_02_2021_07_34_24_P13": 0.4349100874867784,
      "ROAST_06_01_2021_00_44_22_P10": -0.10509957293426853,
      "ROAST_07_01_2021_13_41_48_P13": 0.5170269774450016,
      "ROAST_10_12_2020_07_06_47_P13": 0.45305164857391234,
      "ROAST_11_11_2020_15_53_33_P16": 0.7323518564709777,
      "ROAST_11_11_2020_16_54_52_P10": 0.854067365159384,
      "ROAST_11_12_2020_13_06_43_P10": 0.4734200224354256,
      "ROAST_11_12_2020_13_30_46_P10": 0.7515932580827062,
      "ROAST_14_12_2020_20_23_52_P10": 0.7412429126649719,
      "ROAST_14_12_2020_20_33_54_P10": 0.8120937696907939,
      "ROAST_14_12_2020_22_26_18_P13": 0.4926545975479749,
      "ROAST_14_12_2020_22_38_34_P13": 0.3745240895918692,
      "ROAST_15_12_2020_20_18_47_P10": 0.5960041038256934,
      "ROAST_18_11_2020_14_51_36_P10": 0.7990298986332833,
      "ROAST_20_11_2020_10_06_57_P10": 0.716306688210709,
      "ROAST_20_11_2020_10_31_24_P10": 0.8113562863894328
    }
  },
  "per_seed_history": {
    "11": [
      {
        "epoch": 1.0,
        "train_loss": 30108.1173828125,
        "val_loss": 27118.251302083332,
        "epoch_time_sec": 5.33241839997936
      },
      {
        "epoch": 2.0,
        "train_loss": 25871.7248046875,
        "val_loss": 20210.571614583332,
        "epoch_time_sec": 5.238515500008361
      },
      {
        "epoch": 3.0,
        "train_loss": 17267.07763671875,
        "val_loss": 12088.4775390625,
        "epoch_time_sec": 5.201826399978017
      },
      {
        "epoch": 4.0,
        "train_loss": 11360.148486328126,
        "val_loss": 9035.152994791666,
        "epoch_time_sec": 6.163320099993143
      },
      {
        "epoch": 5.0,
        "train_loss": 8626.055029296875,
        "val_loss": 6535.713541666667,
        "epoch_time_sec": 5.906637299980503
      },
      {
        "epoch": 6.0,
        "train_loss": 6069.425463867187,
        "val_loss": 4454.004801432292,
        "epoch_time_sec": 5.332054600003175
      },
      {
        "epoch": 7.0,
        "train_loss": 3983.90263671875,
        "val_loss": 3125.2369791666665,
        "epoch_time_sec": 5.237554999999702
      },
      {
        "epoch": 8.0,
        "train_loss": 2963.8283935546874,
        "val_loss": 2368.1651204427085,
        "epoch_time_sec": 5.342370900005335
      },
      {
        "epoch": 9.0,
        "train_loss": 2277.5334350585936,
        "val_loss": 1858.7191975911458,
        "epoch_time_sec": 5.1808977000182495
      },
      {
        "epoch": 10.0,
        "train_loss": 1730.5809814453125,
        "val_loss": 1403.66259765625,
        "epoch_time_sec": 5.342471600015415
      },
      {
        "epoch": 11.0,
        "train_loss": 1142.9254943847657,
        "val_loss": 774.5137736002604,
        "epoch_time_sec": 5.090629499987699
      },
      {
        "epoch": 12.0,
        "train_loss": 796.0358642578125,
        "val_loss": 732.7461954752604,
        "epoch_time_sec": 5.080305599985877
      },
      {
        "epoch": 13.0,
        "train_loss": 748.6475036621093,
        "val_loss": 706.9584554036459,
        "epoch_time_sec": 5.300775700015947
      },
      {
        "epoch": 14.0,
        "train_loss": 723.5014526367188,
        "val_loss": 688.2239583333334,
        "epoch_time_sec": 5.388319100020453
      },
      {
        "epoch": 15.0,
        "train_loss": 716.4329528808594,
        "val_loss": 673.1945393880209,
        "epoch_time_sec": 5.02430750001804
      },
      {
        "epoch": 16.0,
        "train_loss": 700.9103637695313,
        "val_loss": 675.6154988606771,
        "epoch_time_sec": 5.09043969999766
      },
      {
        "epoch": 17.0,
        "train_loss": 683.0486541748047,
        "val_loss": 651.2030232747396,
        "epoch_time_sec": 5.083177699998487
      },
      {
        "epoch": 18.0,
        "train_loss": 722.8159118652344,
        "val_loss": 640.9226277669271,
        "epoch_time_sec": 5.213819800002966
      },
      {
        "epoch": 19.0,
        "train_loss": 672.6249755859375,
        "val_loss": 642.0749308268229,
        "epoch_time_sec": 5.4109485000080895
      },
      {
        "epoch": 20.0,
        "train_loss": 676.4963562011719,
        "val_loss": 623.362060546875,
        "epoch_time_sec": 5.134135400003288
      },
      {
        "epoch": 21.0,
        "train_loss": 677.2013671875,
        "val_loss": 612.4259847005209,
        "epoch_time_sec": 5.330297500011511
      },
      {
        "epoch": 22.0,
        "train_loss": 670.0568756103515,
        "val_loss": 602.8671061197916,
        "epoch_time_sec": 5.184188300016103
      },
      {
        "epoch": 23.0,
        "train_loss": 662.4287200927735,
        "val_loss": 595.8279622395834,
        "epoch_time_sec": 5.22668779999367
      },
      {
        "epoch": 24.0,
        "train_loss": 659.2971343994141,
        "val_loss": 589.5251668294271,
        "epoch_time_sec": 5.177499200013699
      },
      {
        "epoch": 25.0,
        "train_loss": 650.3341644287109,
        "val_loss": 581.890625,
        "epoch_time_sec": 5.190793799993116
      },
      {
        "epoch": 26.0,
        "train_loss": 646.0308074951172,
        "val_loss": 575.0636088053385,
        "epoch_time_sec": 5.29619319998892
      },
      {
        "epoch": 27.0,
        "train_loss": 647.1146209716796,
        "val_loss": 568.5180358886719,
        "epoch_time_sec": 5.180808700009948
      },
      {
        "epoch": 28.0,
        "train_loss": 638.2909515380859,
        "val_loss": 562.6273600260416,
        "epoch_time_sec": 5.2684521000192035
      },
      {
        "epoch": 29.0,
        "train_loss": 633.6680725097656,
        "val_loss": 556.763417561849,
        "epoch_time_sec": 5.099401999992551
      },
      {
        "epoch": 30.0,
        "train_loss": 629.1571746826172,
        "val_loss": 552.9971822102865,
        "epoch_time_sec": 5.249892099993303
      },
      {
        "epoch": 31.0,
        "train_loss": 620.9273254394532,
        "val_loss": 547.0965169270834,
        "epoch_time_sec": 5.279805900005158
      },
      {
        "epoch": 32.0,
        "train_loss": 623.6842620849609,
        "val_loss": 541.9564310709635,
        "epoch_time_sec": 5.208701299998211
      },
      {
        "epoch": 33.0,
        "train_loss": 617.7096984863281,