{
  "trial_idx": 6,
  "config": {
    "hidden_widths": [
      32,
      16
    ],
    "lr": 0.0004210757962128054,
    "weight_decay": 0.0,
    "batch_size": 32,
    "dropout": 0.0,
    "epochs": 100,
    "patience": 15
  },
  "per_seed_val_rollout_r2": {
    "11": 0.9613721377754298
  },
  "mean_val_rollout_r2": 0.9613721377754298,
  "per_seed_val_rollout_rmse": {
    "11": 6.993393384991314
  },
  "mean_val_rollout_rmse": 6.993393384991314,
  "per_seed_per_roast_val_r2": {
    "11": {
      "ROAST_01_02_2021_10_32_03_P10": 0.9336259048610493,
      "ROAST_01_02_2021_10_55_00_P10": 0.9327582814635891,
      "ROAST_01_12_2020_12_08_17_P10": 0.9709531379194791,
      "ROAST_02_02_2021_09_30_53_P10": 0.99097537583632,
      "ROAST_03_02_2021_00_40_46_P16": 0.9765964266066819,
      "ROAST_03_02_2021_01_02_17_P16": 0.9719535994643981,
      "ROAST_03_02_2021_01_53_50_P16": 0.9726161191915662,
      "ROAST_03_02_2021_02_37_41_P16": 0.9904093963461645,
      "ROAST_03_02_2021_13_04_31_P13": 0.9040896188299271,
      "ROAST_03_02_2021_13_14_56_P13": 0.9563038037584809,
      "ROAST_03_02_2021_14_23_03_P16": 0.9711445543649984,
      "ROAST_03_02_2021_14_31_11_P16": 0.9683051333035686,
      "ROAST_03_02_2021_15_37_32_P16": 0.9790487776815606,
      "ROAST_03_02_2021_15_59_55_P16": 0.9371958153138991,
      "ROAST_03_02_2021_17_06_59_P16": 0.9690077274207755,
      "ROAST_03_02_2021_17_36_10_P16": 0.9528145894769514,
      "ROAST_03_02_2021_18_48_30_P10": 0.9862743457786838,
      "ROAST_03_02_2021_18_56_19_P10": 0.9858001774395199,
      "ROAST_04_02_2021_07_24_18_P13": 0.9226035673350174,
      "ROAST_04_02_2021_07_34_24_P13": 0.9382844238963075,
      "ROAST_06_01_2021_00_44_22_P10": 0.9919702010786884,
      "ROAST_07_01_2021_13_41_48_P13": 0.9660461886165784,
      "ROAST_10_12_2020_07_06_47_P13": 0.975055470196084,
      "ROAST_11_11_2020_15_53_33_P16": 0.9924924411419592,
      "ROAST_11_11_2020_16_54_52_P10": 0.9750716538380153,
      "ROAST_11_12_2020_13_06_43_P10": 0.9308349520781538,
      "ROAST_11_12_2020_13_30_46_P10": 0.9871979803871646,
      "ROAST_14_12_2020_20_23_52_P10": 0.8035573098079597,
      "ROAST_14_12_2020_20_33_54_P10": 0.9951731723975393,
      "ROAST_14_12_2020_22_26_18_P13": 0.9939243176584025,
      "ROAST_14_12_2020_22_38_34_P13": 0.9804978297256369,
      "ROAST_15_12_2020_20_18_47_P10": 0.9177583564820208,
      "ROAST_18_11_2020_14_51_36_P10": 0.9965457990941394,
      "ROAST_20_11_2020_10_06_57_P10": 0.9879295039223337,
      "ROAST_20_11_2020_10_31_24_P10": 0.9958126586980406
    }
  },
  "per_seed_history": {
    "11": [
      {
        "epoch": 1.0,
        "train_loss": 0.3702830386406276,
        "val_loss": 0.02386847324669361
      },
      {
        "epoch": 2.0,
        "train_loss": 0.0118405644701852,
        "val_loss": 0.004867317620664835
      },
      {
        "epoch": 3.0,
        "train_loss": 0.004134967890786356,
        "val_loss": 0.0027705661486834288
      },
      {
        "epoch": 4.0,
        "train_loss": 0.002421268303442048,
        "val_loss": 0.0016439135652035475
      },
      {
        "epoch": 5.0,
        "train_loss": 0.0014256601460147067,
        "val_loss": 0.0010923293884843588
      },
      {
        "epoch": 6.0,
        "train_loss": 0.0010816356282703054,
        "val_loss": 0.0009406923200003803
      },
      {
        "epoch": 7.0,
        "train_loss": 0.0009497458122496027,
        "val_loss": 0.0008691560360603034
      },
      {
        "epoch": 8.0,
        "train_loss": 0.0008675861772644566,
        "val_loss": 0.000772224273532629
      },
      {
        "epoch": 9.0,
        "train_loss": 0.0007764320262594992,
        "val_loss": 0.0006853493978269398
      },
      {
        "epoch": 10.0,
        "train_loss": 0.0007495875548102048,
        "val_loss": 0.0007118199719116092
      },
      {
        "epoch": 11.0,
        "train_loss": 0.000679721878032069,
        "val_loss": 0.0005923098651692271
      },
      {
        "epoch": 12.0,
        "train_loss": 0.0006529032054913841,
        "val_loss": 0.0006337083177641034
      },
      {
        "epoch": 13.0,
        "train_loss": 0.0006921040792349231,
        "val_loss": 0.0005611109081655741
      },
      {
        "epoch": 14.0,
        "train_loss": 0.0006302639483692473,
        "val_loss": 0.0005392584134824574
      },
      {
        "epoch": 15.0,
        "train_loss": 0.000599052918732923,
        "val_loss": 0.000526731600984931
      },
      {
        "epoch": 16.0,
        "train_loss": 0.0006330418755169376,
        "val_loss": 0.0005225169006735086
      },
      {
        "epoch": 17.0,
        "train_loss": 0.0005892292474072747,
        "val_loss": 0.0006142595084384084
      },
      {
        "epoch": 18.0,
        "train_loss": 0.0005730378811904302,
        "val_loss": 0.0006732449983246624
      },
      {
        "epoch": 19.0,
        "train_loss": 0.0005713999546969716,
        "val_loss": 0.0004991269088350236
      },
      {
        "epoch": 20.0,
        "train_loss": 0.0006371802579451469,
        "val_loss": 0.0005242357146926224
      },
      {
        "epoch": 21.0,
        "train_loss": 0.0005608406010651379,
        "val_loss": 0.0004966288688592613
      },
      {
        "epoch": 22.0,
        "train_loss": 0.0005606876129149896,
        "val_loss": 0.0005137787666171789
      },
      {
        "epoch": 23.0,
        "train_loss": 0.0005532866061003005,
        "val_loss": 0.00045921767014078796
      },
      {
        "epoch": 24.0,
        "train_loss": 0.0006486538108902096,
        "val_loss": 0.0006202080403454602
      },
      {
        "epoch": 25.0,
        "train_loss": 0.0005573623867348943,
        "val_loss": 0.00046411954099312425
      },
      {
        "epoch": 26.0,
        "train_loss": 0.0005492101648542303,
        "val_loss": 0.00048332949518226087
      },
      {
        "epoch": 27.0,
        "train_loss": 0.0005371449375161319,
        "val_loss": 0.00046901576570235193
      },
      {
        "epoch": 28.0,
        "train_loss": 0.0005385353062365538,
        "val_loss": 0.00047766458010300994
      },
      {
        "epoch": 29.0,
        "train_loss": 0.0005550157261950516,
        "val_loss": 0.0005187141941860318
      },
      {
        "epoch": 30.0,
        "train_loss": 0.0005362635043866248,
        "val_loss": 0.0004440877237357199
      },
      {
        "epoch": 31.0,
        "train_loss": 0.0005616350795662583,
        "val_loss": 0.0004781086463481188
      },
      {
        "epoch": 32.0,
        "train_loss": 0.0005490704214480502,
        "val_loss": 0.0004815323918592185
      },
      {
        "epoch": 33.0,
        "train_loss": 0.0005204827942634438,
        "val_loss": 0.0004298176500014961
      },
      {
        "epoch": 34.0,
        "train_loss": 0.0005129071736519108,
        "val_loss": 0.0005001617246307433
      },
      {
        "epoch": 35.0,
        "train_loss": 0.0005339391205552602,
        "val_loss": 0.00043324599391780794
      },
      {
        "epoch": 36.0,
        "train_loss": 0.000570499835089322,
        "val_loss": 0.000669470930006355
      },
      {
        "epoch": 37.0,
        "train_loss": 0.0006471125545658652,
        "val_loss": 0.00043188591371290386
      },
      {
        "epoch": 38.0,
        "train_loss": 0.0005169707209006447,
        "val_loss": 0.0004261575813870877
      },
      {
        "epoch": 39.0,
        "train_loss": 0.000513365834990509,
        "val_loss": 0.00048439056263305247
      },
      {
        "epoch": 40.0,
        "train_loss": 0.0005242649915771835,
        "val_loss": 0.0004928315174765885
      },
      {
        "epoch": 41.0,
        "train_loss": 0.0005019027958951483,
        "val_loss": 0.0005449553136713803
      },
      {
        "epoch": 42.0,
        "train_loss": 0.0005154082273065797,
        "val_loss": 0.0005745646776631474
      },
      {
        "epoch": 43.0,
        "train_loss": 0.0007349930614964251,